classification,Total_PnL,Avg_PnL,Trade_Volumn,Risk_velocity,win_rate
Fear,3357155.441642,54.2903996254993,61837,935.3554378356772,42.07675016575836
Extreme Greed,2715171.310673,67.89286133909282,39992,766.8282935916445,46.49429885977195
Greed,2150129.272951,42.74355948851957,50303,1116.028389757626,38.48279426674354
Neutral,1292920.67555,34.30771839807886,37686,517.1222197292019,39.69909250119408
Extreme Fear,739110.24849,34.53786207897196,21400,1136.0560914312027,37.0607476635514
